Reference Designator,Description,Manufacturer,Manufacturer Part Number,Suppliers,Package,Quantity,Category 85Ce48C4B2B95E09,Digikey Description,Description,Category 4C11811B7D3097D6,Category F8883582C9A8234F,Mounting Type,Temperature Range Low,Verified Attributes,Category 7542B8484461Ae85,Digikey Partnumber,Capacitance,Imported From,Mouser Partnumber,Verified Geometry,Land Pattern,Voltage,Ipc Land Pattern Name,Verified Pin Names,Tolerance,Temperature Range High,Verified Pad Assignment,Standard Package,Temperature Coefficient,Size / Dimension,Operating Temperature,Package / Case,Thickness (Max),Other Names,Mfg Package Ident,Dielectric Material,Voltage Rating Dc,Size Length,Size Width,Size Height,Packaging,Voltage - Rated,Applications,Capacitance Tolerance,Size Thickness,Dielectric Characteristic,Case Package Si,Lifecycle Status,Possible Substitute,Centroid Not Specified,Insulation Resistance,Height - Seated (Max),Esr (Equivalent Series Resistance),Symbol Type,Mouser Part Number,Digikey Part Number,I2C Addr,Frequency - Switching,Current - Output,Voltage Output,Category 9E07530Daf1645C0,Reach Svhc Compliance,Output Current,Input Voltage Dc,Category 56439B4967F48D84,Max Output Voltage,Mounting Style,Category 1A59D7532Be8C19E,Max Supply Voltage Dc,Category Bdf870F289E5663F,Category 0542C84834E1De85,Memory Size,Category 42E28Fe8734E9925,Conn 256 Type,Pinouts,Propagation Delay Max,Category 1A2Bd7212Bffc1Ec,Category C6E50Beff7391D22,Category 9E37533Dafe045F0,Output Current Drive,Manufacturer Link,Footprint 0 Description,Min Supply Voltage Dc,Packagedescription,Voltage Nodes,Category Cb8C0686Fca9104B,Category 2Fc5E2Cf1B85F402,Category 84F649Fcb0Ed5F31,Category 848D4987B4D35F4A,Lens Type,Category 8Ce841E2B947572F,Viewing Angle,Forward Voltage,Luminous Intensity,Category B6497B438Fa86D8E,Category 0Dd3C0D93D8Cd614,Category A1D76Cdd91F27A10,Wavelength,Category Ab56665C9B747091,Resistance,Current Rating,Category A2356F3F97E979F2,Category 16B3Dbb927A0Cd74,Category 09Adc4A738A6D26A,Category 4Fd782Dd7A729410,Category 8Ef743Fdbff05530,Frequency,Category C67D0B77F76A1Dba,Category F9493443Ce12228E,Category Bf4E72448E766489,Category 7Bc8B6C24E6Aa00F,Number Of Circuits,Inductance,Q Factor,Self Resonant Frequency,Current,Frequency - Self Resonant,Is Generic,Category 5A00970A6D5C81C7,Category 5C6A91606D4187Ad,Category Cd01000Bfc2916C6,Power Rating,Resistance Tolerance,Resistance (Ohms),Number Of Terminations,Supplier Device Package,Power (Watts),Kits,Height,Composition,V<Sub>F</Sub> [Max],V<Sub>R</Sub>,Package Version,I<Sub>R</Sub> [Max],C<Sub>D</Sub> [Max],Manufacturer Page,I<Sub>Fsm</Sub> [Max],Configuration,I<Sub>F</Sub>,Voltage - Reverse Standoff (Typ),Polarization,Voltage - Breakdown,Is Female,Is Connector,Mounting Feature,Shield Termination,Connector Type,Contact Termination,Frequency - Max,Fastening Type,Impedance,Connector Style,Load Capacitance,Category 008Acd80318Bdb4D,Category 9Afb57F1Abf5413C,Category 6088Ad82520Dbb4F
C1 C10 C100 C101 C103 C104 C105 C106 C107 C108 C111 C112 C113 C114 C115 C116 C117 C118 C119 C12 C122 C123 C124 C125 C136 C14 C141 C146 C149 C150 C154 C158 C16 C160 C164 C17 C172 C177 C18 C181 C185 C19 C2 C20 C21 C23 C26 C27 C28 C29 C31 C34 C35 C36 C37 C41 C45 C47 C48 C49 C50 C51 C52 C54 C55 C57 C59 C6 C60 C61 C62 C63 C64 C65 C69 C7 C70 C73 C74 C77 C79 C8 C80 C89 C90 C91 C92 C94 C96 C97 C99,0.10µF 16V Ceramic Capacitor X7R 0402,Murata,GRM155R71C104KA88D,Digi-Key 490-3261-6-ND/Digi-Key 490-3261-1-ND/Digi-Key 490-3261-2-ND/Newark 18X5178/Newark 38K1647,0402,91,Uncategorized,"0.10µF 16V Ceramic Capacitor X7R 0402 (1005 Metric) 0.039"" L x 0.020"" W (1.00mm x 0.50mm)",Monolithic Ceramic Capacitor,Single Components,Capacitors,surface mount,-55°C,false,Passive Components,490-3261-1-ND,0.1uF,octopart,81-GRM155R71C104KA88,false,http://search.murata.co.jp/Ceramy/image/img/A01X/G101/ENG/GRM155R71C104KA88-01.pdf,16V,CAPC10050X50,false,±10%,+125°C,false,,,,,,,,,,,,,,,,,,,,,,,,,,,,,,,,,,,,,,,,,,,,,,,,,,,,,,,,,,,,,,,,,,,,,,,,,,,,,,,,,,,,,,,,,,,,,,,,,,,,,,,,,,,,,,,,,,,,,,,,,,,,,,,,,
C102 C109 C120 C121 C126 C127 C130 C131,No description,Murata Electronics North America,GRM1555C1H820JA01D,Digi-Key 490-5879-6-ND,0402,0,,,,,,"Surface Mount, MLCC",,,,,82pF,,,,,50V,CAPC10050X35,,±5%,,,"10,000","C0G, NP0","0.039"" L x 0.020"" W (1.00mm x 0.50mm)",-55°C ~ 125°C,0402 (1005 Metric),"0.022"" (0.55mm)",490-5879-6,,,,,,,,,,,,,,,,,,,,,,,,,,,,,,,,,,,,,,,,,,,,,,,,,,,,,,,,,,,,,,,,,,,,,,,,,,,,,,,,,,,,,,,,,,,,,,,,,,,,,,,,,,,,,,,,,,,,,,,,,,
C11 C128 C129 C13 C148 C25 C30 C32 C43 C56 C84 C87,10000pF ±10% 25V X7R Ceramic Capacitor,Murata,GRM155R71E103KA01D,Digi-Key 490-1312-1-ND/Digi-Key 490-1312-6-ND/Digi-Key 490-1312-2-ND/Newark 37K6460/Newark 18X5179,0402,12,Uncategorized,"10000pF 25V Ceramic Capacitor X7R 0402 (1005 Metric) 0.039"" L x 0.020"" W (1.00mm x 0.50mm)","10000pF ±10% 25V X7R Ceramic Capacitor -55°C ~ 125°C Surface Mount, MLCC 0402 (1005 Metric) 0.039"" L x 0.020"" W (1.00mm x 0.50mm)",Single Components,Capacitors,surface mount,-55°C,false,Passive Components,490-1312-1-ND,0.01uF,octopart,81-GRM36X103K25,false,http://search.murata.co.jp/Ceramy/image/img/A01X/G101/ENG/GRM155R71E103KA01-01.pdf,25V,CAPC10050X50,false,±10%,+125°C,false,,,,,,,,GRM155,Ceramic Multilayer,25.00V,,,,,,,,,,,,,,,,,,,,,,,,,,,,,,,,,,,,,,,,,,,,,,,,,,,,,,,,,,,,,,,,,,,,,,,,,,,,,,,,,,,,,,,,,,,,,,,,,,,,,,,,,,,,,,,,,,,,,,,
C110 C133 C134 C137 C138 C140 C142 C143,1.00 uF C,Murata,GRM155R60J105KE19D,Digi-Key 490-1320-1-ND/Digi-Key 490-1320-6-ND/Digi-Key 490-1320-2-ND/Newark 13T1188,0402,8,Uncategorized,,,Single Components,Capacitors,surface mount,,,Passive Components,,1.00 uF,,,,,6.30V,,,,,,,,,,,,,,,6.30V,1.00 mm,0.50 mm,0.50 mm,,,,,,,,,,,,,,,,,,,,,,,,,,,,,,,,,,,,,,,,,,,,,,,,,,,,,,,,,,,,,,,,,,,,,,,,,,,,,,,,,,,,,,,,,,,,,,,,,,,,,,,,,,,,,,,,,,,,
C132 C15 C151 C153 C163 C168 C169 C184 C196 C22 C24 C42 C44 C53 C58 C9,1 nF NPO capacitor,Murata Electronics North America,GRM1555C1H102JA01D,,0402,16,,,,,,"Surface Mount, MLCC",,,,,1 nF,,,,,50V,CAPC10050X35,,±5%,,,"10,000","C0G, NP0","0.039"" L x 0.020"" W (1.00mm x 0.50mm)",-55°C ~ 125°C,0402 (1005 Metric),"0.022"" (0.55mm)",,,,,,,,Cut Tape (CT),50V,General Purpose,,,,,,,,,,,,,,,,,,,,,,,,,,,,,,,,,,,,,,,,,,,,,,,,,,,,,,,,,,,,,,,,,,,,,,,,,,,,,,,,,,,,,,,,,,,,,,,,,,,,,,,,,,,,,,,,,
C135 C33 C66 C75,No description,"Samsung Electro-Mechanics America, Inc",CL10A475KO8NNNC,,,4,,,,,,"Surface Mount, MLCC",,,,,4.7µF,PartsBot,,,,,CAPC16080X45,,±10%,,,"4,000",X5R,"0.063"" L x 0.031"" W (1.60mm x 0.80mm)",-55°C ~ 85°C,0603 (1608 Metric),"0.035"" (0.90mm)",1276-1784-1,,,,,,,Cut Tape (CT),16V,General Purpose,,,,,,,,,,,,,,,,,,,,,,,,,,,,,,,,,,,,,,,,,,,,,,,,,,,,,,,,,,,,,,,,,,,,,,,,,,,,,,,,,,,,,,,,,,,,,,,,,,,,,,,,,,,,,,,,,
C139 C161 C166 C167 C170 C171 C174,1.00 uF C,Murata,GRM155R60J105KE19D,Digi-Key 490-1320-1-ND/Digi-Key 490-1320-6-ND/Digi-Key 490-1320-2-ND/Newark 13T1188,0402,7,Uncategorized,,,Single Components,Capacitors,surface mount,,,Passive Components,,1 uF,,,,,6.30V,,,,,,,,,,,,,,,6.30V,1.00 mm,0.50 mm,0.50 mm,,,,,,,,,,,,,,,,,,,,,,,,,,,,,,,,,,,,,,,,,,,,,,,,,,,,,,,,,,,,,,,,,,,,,,,,,,,,,,,,,,,,,,,,,,,,,,,,,,,,,,,,,,,,,,,,,,,,
C144 C145 C38 C39 C67 C68 C72 C81 C82 C83 C88 C98,CAP CERAMIC 0603,"Samsung Electro-Mechanics America, Inc",CL10A226MQ8NRNC,,0603,12,,,,,,"Surface Mount, MLCC",,,,,22µF,PartsBot,,,,,CAPC16080X45,,±20%,,,"4,000",X5R,"0.063"" L x 0.031"" W (1.60mm x 0.80mm)",-55°C ~ 85°C,0603 (1608 Metric),"0.035"" (0.90mm)",1276-1193-2,,,,,,,Cut Tape (CT),6.3V,General Purpose,,,,,,,,,,,,,,,,,,,,,,,,,,,,,,,,,,,,,,,,,,,,,,,,,,,,,,,,,,,,,,,,,,,,,,,,,,,,,,,,,,,,,,,,,,,,,,,,,,,,,,,,,,,,,,,,,
C152 C46 C5,4.7 nF Capacitor,Murata,GRM155R71H472KA01D,Digi-Key 490-1308-6-ND/Digi-Key 490-1308-1-ND/Digi-Key 490-1308-2-ND/Newark 14T3289,"0402, 1005",3,Uncategorized,,,Single Components,Capacitors,surface mount,,,Passive Components,,4.7 nF,,,,,50V,CAPC10050X35,,,,,,,,,,,,,,50 V,1 mm,500 um,500 um,,,,±10%,500 um,X7R,,,,,,,,,,,,,,,,,,,,,,,,,,,,,,,,,,,,,,,,,,,,,,,,,,,,,,,,,,,,,,,,,,,,,,,,,,,,,,,,,,,,,,,,,,,,,,,,,,,,,,,,,,,,,,
C155,Capacitor SMD Ceramic,Murata,GRM155R71C224KA12D,,0402,1,,,,,,,,,,,0.22uF,,,,,,,,,,,,,,,,,,,,,,,,,,,,,,,,,,,,,,,,,,,,,,,,,,,,,,,,,,,,,,,,,,,,,,,,,,,,,,,,,,,,,,,,,,,,,,,,,,,,,,,,,,,,,,,,,,,,,,,,,,,,,,,,,,,,,,,,,,,
C156 C176 C187 C188,Capacitor SMD Ceramic,Samsung,CL32B226KAJNFNE,,1210,4,,,,,,,,,,,22uF,,,,,25V,CAPC320250X55,,,,,,,,,,,,,,,,,,,,,,,,,,,,,,,,,,,,,,,,,,,,,,,,,,,,,,,,,,,,,,,,,,,,,,,,,,,,,,,,,,,,,,,,,,,,,,,,,,,,,,,,,,,,,,,,,,,,,,,,,,,,,,,,,,,,,
C157 C165 C175 C186 C193,Chip Monolithic Ceramic Capacitors,Murata,GRM188R71C105KA12D,Digi-Key 490-3900-1-ND/Digi-Key 490-3900-6-ND/Digi-Key 490-3900-2-ND/Newark 14T3313,0603,5,Uncategorized,,,Single Components,Capacitors,surface mount,,,Passive Components,,1 uF,,,,,16 V,,,,,,,,,,,,,,,16 V,1.6 mm,800 um,800 um,,,,±10%,800 um,X7R,1608,Active,,,,,,,,,,,,,,,,,,,,,,,,,,,,,,,,,,,,,,,,,,,,,,,,,,,,,,,,,,,,,,,,,,,,,,,,,,,,,,,,,,,,,,,,,,,,,,,,,,,,,,,,,,,,
C159,No description,Murata Electronics North America,GRM1555C1H471JA01D,Digi-Key 490-1297-6-ND/Digi-Key 490-1297-2-ND,0402,1,,,,,,,,,,,470pF,,,,,,CAPC10050X35,,±5%,,,"10,000","C0G, NP0","0.039"" L x 0.020"" W (1.00mm x 0.50mm)",-55°C ~ 125°C,0402 (1005 Metric),"0.022"" (0.55mm)",,,,,,,,,50V,,,,,,,GRM1555C1H471JA01J,,,,,,,,,,,,,,,,,,,,,,,,,,,,,,,,,,,,,,,,,,,,,,,,,,,,,,,,,,,,,,,,,,,,,,,,,,,,,,,,,,,,,,,,,,,,,,,,,,,,,,,,,,,
C162,Capacitor SMD Ceramic,Murata Electronics North America,GRM1555C1H151JA01D,,0402,1,,,,,,,,,,,150pF,,,,,50V,CAPC10050X35,,±5%,,,"10,000","C0G, NP0","0.039"" L x 0.020"" W (1.00mm x 0.50mm)",-55°C ~ 125°C,0402 (1005 Metric),"0.022"" (0.55mm)",490-3229-2,,,,,,,,,,,,,,,GRM1555C1H151JA01J,No,,,,,,,,,,,,,,,,,,,,,,,,,,,,,,,,,,,,,,,,,,,,,,,,,,,,,,,,,,,,,,,,,,,,,,,,,,,,,,,,,,,,,,,,,,,,,,,,,,,,,,,,,,
C173 C197,No description,Murata Electronics North America,GRM1555C1H101JZ01D,Digi-Key 490-1278-6-ND,0402,2,,,,,,,,,,,100pF,,,,,50V,CAPC10050X35,,±5%,,,"10,000","C0G, NP0","0.039"" L x 0.020"" W (1.00mm x 0.50mm)",-55°C ~ 125°C,0402 (1005 Metric),"0.022"" (0.55mm)",490-1278-6,,,,,,,Cut Tape (CT),,,,,,,,GRM1535C1H100JDD5D,No,,,,,,,,,,,,,,,,,,,,,,,,,,,,,,,,,,,,,,,,,,,,,,,,,,,,,,,,,,,,,,,,,,,,,,,,,,,,,,,,,,,,,,,,,,,,,,,,,,,,,,,,,,
C178,No description,Murata Electronics North America,GRM1555C1HR50CZ01D,,0402,1,,,,,,,,,,,0.5pF,,,,,50V,CAPC10050X35,,±0.25pF,,,,"C0G, NP0","0.039"" L x 0.020"" W (1.00mm x 0.50mm)",-55°C ~ 125°C,0402 (1005 Metric),"0.022"" (0.55mm)",490-1263-6,,,,,,,Digi-Reel®,,,,,,,,UMK105CG0R5CV-F,,,,,,,,,,,,,,,,,,,,,,,,,,,,,,,,,,,,,,,,,,,,,,,,,,,,,,,,,,,,,,,,,,,,,,,,,,,,,,,,,,,,,,,,,,,,,,,,,,,,,,,,,,,
C179 C180,22 pF Capacitor,Murata,GRM1555C1H220JZ01D,Newark 38K1655,0402,2,Uncategorized,,,Single Components,Capacitors,surface mount,,,Passive Components,,22 pF,,,,,50 V,CAPC10050X35,,,,,,0 ppm/°C,,,,,,,Ceramic Multilayer,,,,,,,,,,C0G/NP0,,,,,10 GΩ,,,,,,,,,,,,,,,,,,,,,,,,,,,,,,,,,,,,,,,,,,,,,,,,,,,,,,,,,,,,,,,,,,,,,,,,,,,,,,,,,,,,,,,,,,,,,,,,,,,,,,,,,
C183,No description,Murata Electronics North America,GRM1555C1H121JA01D,,0402,1,,,,,,,,,,,120pF,,,,,50V,CAPC10050X35,,,,,,"C0G, NP0","0.039"" L x 0.020"" W (1.00mm x 0.50mm)",-55°C ~ 125°C,0402 (1005 Metric),"0.022"" (0.55mm)",490-1292-6,,,,,,,Cut Tape (CT),,,,,,,,GRM1535C1H121JDD5D,,,,,,,,,,,,,,,,,,,,,,,,,,,,,,,,,,,,,,,,,,,,,,,,,,,,,,,,,,,,,,,,,,,,,,,,,,,,,,,,,,,,,,,,,,,,,,,,,,,,,,,,,,,
C189,No description,Vishay Sprague,593D107X06R3C2TE3,,Size C (6032),1,,,,,,Surface Mount,,,,,100µF,,,,,6.3V,CAPCP600220X250,,±20%,,,,,"0.236"" L x 0.126"" W (6.00mm x 3.20mm)",-55°C ~ 125°C,2312 (6032 Metric),,,,,,,,,,,,,,,,,TR3C107M6R3C0250,,,"0.110"" (2.79mm)",250 mOhm,,,,,,,,,,,,,,,,,,,,,,,,,,,,,,,,,,,,,,,,,,,,,,,,,,,,,,,,,,,,,,,,,,,,,,,,,,,,,,,,,,,,,,,,,,,,,,,,,,,,,,,
C190,Capacitor SMD Ceramic,Murata,GRM1555C1H6R8DZ01D,,0402,1,,,,,,,,,,,6.8pF,,,,,50V,CAPC10050X35,,,,,,,,,,,,,,,,,,,,,,,,,,,,,,,,,,,,,,,,,,,,,,,,,,,,,,,,,,,,,,,,,,,,,,,,,,,,,,,,,,,,,,,,,,,,,,,,,,,,,,,,,,,,,,,,,,,,,,,,,,,,,,,,,,,,,
C191,3.9 pF Capacitor,Murata,GRM1555C1H3R9CA01D,Digi-Key 490-5940-1-ND/Digi-Key 490-5940-6-ND/Digi-Key 490-5940-2-ND/Newark 14T3295,"0402, 1005",1,Uncategorized,,,Single Components,Capacitors,,,,Passive Components,,3.9 pF,,,,,50 V,CAPC10050X35,,,,,,,,,,,,,,,1 mm,500 um,,,,,,500 um,C0G/NP0,,,,,,,,,,,,,,,,,,,,,,,,,,,,,,,,,,,,,,,,,,,,,,,,,,,,,,,,,,,,,,,,,,,,,,,,,,,,,,,,,,,,,,,,,,,,,,,,,,,,,,,,,,,,,,
C192,1.8 pF Capacitor,Murata,GRM1555C1H1R8CA01D,Digi-Key 490-5898-6-ND/Digi-Key 490-5898-1-ND/Digi-Key 490-5898-2-ND/Newark 14T3291,"0402, 1005",1,Uncategorized,,,Single Components,Capacitors,surface mount,,,Passive Components,,1.8 pF,,,,,50 V,CAPC10050X35,,,,,,,,,,,,,,50 V,1 mm,500 um,,,,,,500 um,C0G/NP0,,Active,,,,,,,,,,,,,,,,,,,,,,,,,,,,,,,,,,,,,,,,,,,,,,,,,,,,,,,,,,,,,,,,,,,,,,,,,,,,,,,,,,,,,,,,,,,,,,,,,,,,,,,,,,,,
C194,Capacitor SMD Ceramic,Murata,GRM21BR71H224KA01L,,0805,1,,,,,,,,,,,0.22uF,,,,,16V,CAPC200125X45,,,,,,,,,,,,,,,,,,,,,,,,,,,,,,,,,,,,,,,,,,,,,,,,,,,,,,,,,,,,,,,,,,,,,,,,,,,,,,,,,,,,,,,,,,,,,,,,,,,,,,,,,,,,,,,,,,,,,,,,,,,,,,,,,,,,,
C195,Capacitor SMD Ceramic,Murata Electronics North America,GRM1555C1H680JA01D,,0402,1,,,,,,,,,,,68pF,,,,,50V,CAPC10050X35,,±5%,,,"10,000","C0G, NP0","0.039"" L x 0.020"" W (1.00mm x 0.50mm)",-55°C ~ 125°C,0402 (1005 Metric),"0.022"" (0.55mm)",490-5876-2,,,,,,,Cut Tape (CT),,,,,,,,GRM1555C1H680JZ01D,,,,,,,,,,,,,,,,,,,,,,,,,,,,,,,,,,,,,,,,,,,,,,,,,,,,,,,,,,,,,,,,,,,,,,,,,,,,,,,,,,,,,,,,,,,,,,,,,,,,,,,,,,,
C3,CAPACITOR TANTAL SMD,Generic,TAJA106K010RNJ,,"1206 (3216 metric), polarized",1,,,,,,,,,,,10uF,,,,,10v,,,,,,,,,,,,,,,,,,,,,,,,,,,,,,,,Capacitor,,,,,,,,,,,,,,,,,,,,,,,,,,,,,,,,,,,,,,,,,,,,,,,,,,,,,,,,,,,,,,,,,,,,,,,,,,,,,,,,,,,,,,,,,,,,,,,,,,,,,,
C4 C40,Monolithic Ceramic Capacitors,Murata,GRM21BR61C106KE15L,Digi-Key 490-5523-1-ND/Digi-Key 490-5523-6-ND/Digi-Key 490-5523-2-ND/Newark 24R6339,0805,2,Uncategorized,,,Single Components,Capacitors,Surface mount,,false,Passive Components,,10 uF,,,false,,16V,,false,,,false,,,,,,,,,Ceramic Multilayer,16.00V,,,,,,,,,,,,,,,,,,,,,,,,,,,,,,,,,,,,,,,,,,,,,,,,,,,,,,,,,,,,,,,,,,,,,,,,,,,,,,,,,,,,,,,,,,,,,,,,,,,,,,,,,,,,,,,,,,,,,,,
C71,Capacitor SMD Ceramic,Murata Electronics North America,GRM21BR71H224KA01L,,0805,1,,,,,,,,,,,0.22µF,,,,,50V,CAPC200125X45,,±10%,,,"3,000",X7R,"0.079"" L x 0.049"" W (2.00mm x 1.25mm)",-55°C ~ 125°C,0805 (2012 Metric),"0.053"" (1.35mm)",490-1670-2,,,,,,,Cut Tape (CT),,,,,,,,GRM21BR71H224KA01K,,,,,,,,,,,,,,,,,,,,,,,,,,,,,,,,,,,,,,,,,,,,,,,,,,,,,,,,,,,,,,,,,,,,,,,,,,,,,,,,,,,,,,,,,,,,,,,,,,,,,,,,,,,
C76 C78 C85 C86 C93 C95 C182,Chip Monolithic Ceramic Capacitors,Murata,GRM1555C1H470JZ01D,,0402,1,Uncategorized,,,Single Components,Capacitors,surface mount,,,Passive Components,,47 pF,,,,,50 V,,,,,,,,,,,,,,Ceramic Multilayer,50 V,1 mm,500 um,500 um,,,,,,,,,,,,,,,,,,,,,,,,,,,,,,,,,,,,,,,,,,,,,,,,,,,,,,,,,,,,,,,,,,,,,,,,,,,,,,,,,,,,,,,,,,,,,,,,,,,,,,,,,,,,,,,,,,,,
DA1,,ON Semi,NCP1117ST25T3G,,SOT−223,1,,Linear Voltage Regulator IC Positive Fixed Output 2.5V 1A SOT-223,1.0 A Low-Dropout Positive Fixed and Adjustable Voltage Regulators,,,,0°C,false,,,,,,false,,,,false,,+125°C,false,,,,,,,,CASE 318H,,,,,,,,,,,,,,,No,,,,,863-NCP1117ST25T3G,NCP1117ST25T3GOSCT-ND,,,,,,,,,,,,,,,,,,,,,,,,,,,,,,,,,,,,,,,,,,,,,,,,,,,,,,,,,,,,,,,,,,,,,,,,,,,,,,,,,,,,,,,,,,,,,,,,,,,,
DA10,LNB voltage regulator with i2c interface,Texas Instruments,TPS65233RTER,,QFN-16,1,,,,,,,,,,,,,,,,,QFN50P300X300X90-16,,,,,,,,,,,,,,,,,,,,,,,,,,,,,,,,,,i2c-addr=0x60,,,,,,,,,,,,,,,,,,,,,,,,,,,,,,,,,,,,,,,,,,,,,,,,,,,,,,,,,,,,,,,,,,,,,,,,,,,,,,,,,,,,,,,,,,,,,,,,,,,
DA11,IC Tuner DVB-T/T2/C/C2/S/S2 ISDB-T/S,SONY,CXD2858ER,,VQFN-32,1,,,,,,,,,,,,,,,,,QFN50P500X500X90-32,,,,,,,,,,,,,,,,,,,,,,,,,,,,,,,,,,i2c-addr = 0x61,,,,,,,,,,,,,,,,,,,,,,,,,,,,,,,,,,,,,,,,,,,,,,,,,,,,,,,,,,,,,,,,,,,,,,,,,,,,,,,,,,,,,,,,,,,,,,,,,,,
DA2 DA3 DA5 DA9,"3 A, 900 kHz, monolithic synchronous step-down regulator IC",STMicroelectronics,ST1S10PUR,,DFN8,4,,Buck Switching Regulator IC Positive Adjustable 0.8V 1 Output 3A 8-VDFN Exposed Pad,,,,,-40°C,true,,,,,,true,,18V,DFN400X400X90-8,true,,+125°C,true,,,,,,,,,,,,,,,,,,,,,,,No,,,,,511-ST1S10PUR,497-6313-1-ND,,900kHz,3A,0.8V~16.2V,,,,,,,,,,,,,,,,,,,,,,,,,,,,,,,,,,,,,,,,,,,,,,,,,,,,,,,,,,,,,,,,,,,,,,,,,,,,,,,,,,,,,,,,,,,,,,,,
DA4 DA12,"Current-Limited, Power-Distribution Switch",Texas Instruments,TPS2041BDR,Digi-Key 296-22880-5-ND/Newark 01J0950,SOIC127P600X175-8N,2,,,,,,,,,,,,Eagle,,,,,,,,,,,,,,,,,,,,,,,,,,,,,,Active,,No,,,,,,,,,,,Semiconductors and Actives,No SVHC,0.5A,5.5V,Power Management,6.0V,surface mount,Hot Swap and Power Distribution,5.5V,,,,,,,,,,,,,,,,,,,,,,,,,,,,,,,,,,,,,,,,,,,,,,,,,,,,,,,,,,,,,,,,,,,,,,,,,,,,,,,,,,,,,,,
DA6.,"IC Demodulator ATSC A/53 8VSB, ITU-T J.83B 64/256QAM",LG,LG3306A,,QFN48,1,,,,,,,,,,,,,,,,,QFN50P700X700X85-48,,,,,,,,,,,,,,,,,,,,,,,,,,,,,,,,,,i2c-addr=0x59,,,,,,,,,,,,,,,,,,,,,,,,,,,,,,,,,,,,,,,,,,,,,,,,,,,,,,,,,,,,,,,,,,,,,,,,,,,,,,,,,,,,,,,,,,,,,,,,,,,
DA7,IC Demodulator DTMB/DVB-C,AltoBeam,ATBM8881,,QFN-48,1,,,,,,,,,,,,,,,,,QFN50P700X700X80-48,,,,,,,,,,,,,,,,,,,,,,,,,,,,,,,,,,i2c-addr=0x40,,,,,,,,,,,,,,,,,,,,,,,,,,,,,,,,,,,,,,,,,,,,,,,,,,,,,,,,,,,,,,,,,,,,,,,,,,,,,,,,,,,,,,,,,,,,,,,,,,,
DA8.,IC Combined Demodulator,SONY,CXD2854ER,,QFN 48,1,,,,,,,,,,,,,,,,,QFN50P700X700X85-48,,,,,,,,,,,,,,,,,,,,,,,,,,,,,,,,,,"i2c-addr=0x64, 0x66",,,,,,,,,,,,,,,,,,,,,,,,,,,,,,,,,,,,,,,,,,,,,,,,,,,,,,,,,,,,,,,,,,,,,,,,,,,,,,,,,,,,,,,,,,,,,,,,,,,
DD1,Standard,Micron,M25P128-VME6GB,Digi-Key M25P16-VME6G-ND/Newark 24M5080,VDFPN8,1,,,,,,,,,,,,,,,,,DFN600X800X85-8,,,,,,,,,,,,,,,,,,,,,,,,,Active,,,,,,,,,,,,,Semiconductors and Actives,,,,,,,,,Flash,Memory,16 MB,Uncategorized,,,,,,,,,,,,,,,,,,,,,,,,,,,,,,,,,,,,,,,,,,,,,,,,,,,,,,,,,,,,,,,,,,,,,,,,,,,,,,,,,,,
DD2.,No description,Altera,EP4CE22F17C8N,,FBGA256,1,,IC FPGA 153 I/O 256FBGA,1. Cyclone IV Device Datasheet,,,,0°C,false,,,,,,false,,,BGA256C100P16X16_1700X1700X155,false,,+85°C,false,,,,,,,,https://www.altera.com/content/dam/altera-www/global/en_US/pdfs/literature/packaging/04r00230-03.pdf,,,,,,,,,,,,,,,No,,,,,989-EP4CE22F17C8N,544-2833-ND,,,,,,,,,,,,,,,,,,power,https://www.altera.com/content/dam/altera-www/global/en_US/pdfs/literature/dp/cyclone-iv/ep4ce22.txt,,,,,,,,,,,,,,,,,,,,,,,,,,,,,,,,,,,,,,,,,,,,,,,,,,,,,,,,,,,,,,,,,,,,,,,,,,,,,,,,,
DD3 DD4 DD5,Octal Bus Transceiver with 3-State Outputs,Texas Instruments,SN74LVCH245APWR,,20TSSOP,3,,,,,,,,,,,,Altium,,,,,SOP65P640X105-20,,,,,,,,,,,,,,,,,,,,,,,,,Obsolete,,No,,,,,,,,,,,Semiconductors and Actives,,,,,,,,3.6V,,,,,,,7e-09s,"Logic Gates, Single",Buffer Gates,"Logic, Standard",-0.001A,http://www.ti.com/,Shrink Small Outline; 20 Leads; Body Width 4.4 mm; Pitch 0.65 mm,2.0V,Shrink Small Outline; 20 Leads; Body Width 4.4 mm; Pitch 0.65 mm,3.3V,,,,,,,,,,,,,,,,,,,,,,,,,,,,,,,,,,,,,,,,,,,,,,,,,,,,,,,,,,,,,,,,,,,,,,,
DD6,IC BUS BUFF TRI-ST N-INV,Texas Instruments,SN74LVC1G125DBVR,Digi-Key 296-11603-1-ND/Digi-Key 296-11603-6-ND/Digi-Key 296-11603-2-ND/Newark 74C1414,SOT95P280X145-5N,1,,,,,,,,,,,,Eagle,,,,,,,,,,,,,,,,,,,,,,,,,,,,,,Active,,,,,,,,,,,,,Semiconductors and Actives,No SVHC,,,,,surface mount,,6.5V,,,,,,,4e-09s,"Logic Gates, Single",,"Logic, Standard",,,,-0.5V,,,Uncategorized,,,,,,,,,,,,,,,,,,,,,,,,,,,,,,,,,,,,,,,,,,,,,,,,,,,,,,,,,,,,,,,,,,,,,,
DD7,IC I2C BUS Level-Shifting REPEATER,NXP Semiconductors,PCA9517D,Digi-Key 568-12126-5-ND/Newark 70R6494,SOIC127P600X175-8N,1,,,,,,,,,,,,Eagle,,,,,,,,,,,,,,,,,,,,,,,,,,,,,,Active,,,,,,,,,,,,,Semiconductors and Actives,,,,,,,,,,,,,,,,,,,,,,2.7V,,,,Interface ICs,Uncategorized,,,,,,,,,,,,,,,,,,,,,,,,,,,,,,,,,,,,,,,,,,,,,,,,,,,,,,,,,,,,,,,,,,,,
DD8,Dual Inverter Gate,Texas Instruments,SN74LVC2G04DBVR,,SOT-23-6,1,,IC DUAL INVERTER GATE SOT-23-6,,,,,-40°C,true,,,,,,true,,,,true,,+125°C,true,,,,,,,,DBV(R-PDSO-G6),,,,,,,,,,,,,,,No,,,,,595-SN74LVC2G04DBVR,296-13261-1-ND,,,,,,,,,,,,,,,,,,,,,,,,,,,,,,,,,,,,,,,,,,,,,,,,,,,,,,,,,,,,,,,,,,,,,,,,,,,,,,,,,,,,,,,,,,,,,,,,,,,,
DD9,,Microchip,USB3320C-EZK,,QFN32,1,,1/1 Transceiver Half USB 2.0 32-QFN (5x5),Highly Integrated Full Featured Hi-Speed USB 2.0 ULPI Transceiver,,,,-40°C,false,,,,,,false,,,,false,,+85°C,false,,,,,,,,,,,,,,,,,,,,,,,No,,,,,886-USB3320C-EZK,USB3320C-EZK-ND,,,,,,,,,,,,,,,,,,,,,,,,,,,,,,,,,,,,,,,,,,,,,,,,,,,,,,,,,,,,,,,,,,,,,,,,,,,,,,,,,,,,,,,,,,,,,,,,,,,,
GQ1,PURE SILICONTM CLOCK OSCILLATOR,Abracon,ASE-27.000MHZ-LC-T,,SMT_ASEMB-8.000MHZ-LY-T,1,,,,,,,,false,,,,,,false,,,,false,,,false,,,,,,,,,,,,,,,,,,,,,,,,,,,,,,,,,,,,,,,,,,,,,,,,,,,,,,,,,,,,,,,,,,,,,,,,,,,,,,,,,,,,,,,,,,,,,,,,,,,,,,,,,,,,,,,,,,,,,,,,,,,,,,,,,
HL1 HL2,"Green, Red 571nm Green, 631nm Red LED Indication - Discrete 2V Green, 2V Red 0606 (1616 Metric)",Lite-On,LTST-C195KGJRKT,,0606,2,,LED GREEN/RED CLEAR 0606 SMD,,,,surface mount,-30°C,true,,,,octopart,,true,,,,true,,+85°C,true,,,,,,,,,,,1.6 mm,1.5 mm,600 um,,,,,,,,,,No,,,,,859-LTST-C195KGJRKT,160-1452-1-ND,,,,,,,,,,,,,,,,,,,,,,,,,,,,,,,,,Optoelectronics,Non-Diffused,Uncategorized,130 °,2 V,45 mcd,High Brightness LEDs,Light Sources and Emitters,LEDs,639 nm,LEDs (Discrete),,,,,,,,,,,,,,,,,,,,,,,,,,,,,,,,,,,,,,,,,,,,,,,,,,,,,,,,,
L1 L10 L11 L12 L13 L14 L15 L16 L18 L19 L2 L20 L21 L4 L41 L5 L7 L8,Inductor,Murata,BLM18EG221SN1D,Digi-Key 490-3992-1-ND/Digi-Key 490-3992-6-ND/Digi-Key 490-3992-2-ND/Newark 73M9090,0603,18,,,,,,surface mount,,,Passive Components,,,,,,,,CAPC16080X45,,,,,,,,,,,,,,,1.6 mm,800 um,800 um,,,,,,,,,,No,,,,,,,,,,,,,,,,,,,,,,,,,,,,,,,,,,,,,,,,,,,,,,,,,,220 Ω,2 A,Uncategorized,Ferrites,"Filters, Ferrites and EMI/RFI Components",Filters,Single Components,100 MHz,EMI / RFI Shielding / Suppression,Uncategorized,Inductors,Uncategorized,1 ,,,,,,,,,,,,,,,,,,,,,,,,,,,,,,,,,,,,,,,,,,,,
L17 L3 L6,10 uH Inductor,Sumida,CDRH74NP-100MC,,Surface Mount,3,,,,,,surface mount,,,Passive Components,,,,,,,,,,,,,,,,,,,,,,,7.3 mm,7.3 mm,4.5 mm,,,,,,,,,,,,,,,,,,,,,,,,,,,,,,,,,,,,,,,,,,,,,,,,,,,,,,,,,,,,,,,,,,Single Components,,,Uncategorized,Inductors,,,10 uH,,,,,,,,,,,,,,,,,,,,,,,,,,,,,,,,,,,,,,,,,,,
L22 L35 L37 L39,150 nH Inductor,Coilcraft,0603CS-R27XGLW,,"0603, 1608",4,,,,,,,,,Passive Components,,,,,,,,CAPC16080X45,,,,,,,,,,,,,,,,,,,,,,,,,,,,,,,,,,,,,,,,,,,,,,,,,,,,,,,,,,,,,,,,,,,,,,,,,,,,,,400 mA,,,,,Single Components,,,,Inductors,,,270 nH,49 ,1.4 GHz,,,,,,,,,,,,,,,,,,,,,,,,,,,,,,,,,,,,,,,,,
L23 L24,150 nH Inductor,Coilcraft,0603CS-R15XJLW,,"0603, 1608",2,,,,,,,,,Passive Components,,,,,,,,CAPC16080X45,,,,,,,,,,,,,,,,,,,,,,,,,,,,,,,,,,,,,,,,,,,,,,,,,,,,,,,,,,,,,,,,,,,,,,,,,,,,,,400 mA,,,,,Single Components,,,,Inductors,,,150 nH,49 ,1.4 GHz,,,,,,,,,,,,,,,,,,,,,,,,,,,,,,,,,,,,,,,,,
L25 L28 L31 L34,Ferrite chip EMIFIL BLM18x,Murata,BLM18EG601SN1D,,0603,4,,,,,,,,,,,,,,,,,CAPC16080X45,,,,,,,,,,,,,,,,,,,,,,,,,,,,,,,,,,,,,,,,,,,,,,,,,,,,,,,,,,,,,,,,,,,,,,,,,,,,,600Ohm,,,,,,,,,,,,,,,,0.5A,,,,,,,,,,,,,,,,,,,,,,,,,,,,,,,,,,,,,,,,
L26 L32,Inductor,Yageo,CLH1005T-22NJ-S,,0402,2,,,,,,,,,,,,,,,,,CAPC10050X35,,,,,,,,,,,,,,,,,,,,,,,,,,,,,,,,,,,,,,,,,,,,,,,,,,,,,,,,,,,,,,,,,,,,,,,,,,,,,,,,,,,,,,,,,,22nH 5%,,,,,,,,,,,,,,,,,,,,,,,,,,,,,,,,,,,,,,,,,,,
L27,Inductor 5.6nH±0.3nH,Yageo,CLH1005T-5N6S-S,,0402,1,,,,,,,,,,,,,,,,,,,,,,,,,,,,,,,,,,,,,,,,,,,,,,,,,,,,,,,,,,,,,,,,,,,,,,,,,,,,,,,,,,,,,,,,,,,,,,,,,,,,,,,,,,,5.6nH±0.3nH,,,,,,,,,,,,,,,,,,,,,,,,,,,,,,,,,,,,,,,,,,,
L29 L33,Super Frequency Ceramic RF Chip Inductor,Pulse,PE-0402CH3N3STT,,0402,2,,FIXED IND 3.3NH 540MA 120 MOHM,,,,,,false,,,,,,false,,,CAPC10060X50,false,±0.3nH,,false,,,,,,,,,,,,,,,,,,,,,,,No,,,,,673-PE-0402CH3N3STT,553-2350-1-ND,,,,,,,,,,,,,,,,,,,,,,,,,,,,,,,,,,,,,,,,,,,,,540mA,,,,,,,,,,,,3.3nH,,,,6GHz,,,,,,,,,,,,,,,,,,,,,,,,,,,,,,,,,,,,,,,
L30,22 uH Inductor,Sumida,CDRH74NP-100MC,,Surface Mount,1,,,,,,surface mount,,false,Passive Components,,,,,false,,,,false,,,false,,,,,,,,,,,7.3 mm,7.3 mm,4.5 mm,,,,,,,,,,,,,,,,,,,,,,,,,,,,,,,,,,,,,,,,,,,,,,,,,,,,,,,,,,,,,,,,,,Single Components,,,Uncategorized,Inductors,,,22 uH,,,,,,,,,,,,,,,,,,,,,,,,,,,,,,,,,,,,,,,,,,,
L36,Generic Inductor (2.2e-07H),Generic,Inductor (2.2e-07H),,0603 (1608 metric),1,,,,,,,,,,,,,,,,,,,,,,,,,,,,,,,,,,,,,,,,,,,,,,,,Inductor,,,,,,,,,,,,,,,,,,,,,,,,,,,,,,,,,,,,,,,,,,,,,,,,,,,,,,,,,,,2.2e-07H,,,,,true,,,,,,,,,,,,,,,,,,,,,,,,,,,,,,,,,,,,,,
L38,INDUCTOR (Chip Coil),Yageo,CLH1005T-12NJ-S,,0402,1,,,,,,,,,,,,,,,,,,,,,,,,,,,,,,,,,,,,,,,,,,,,,,,,,,,,,,,,,,,,,,,,,,,,,,,,,,,,,,,,,,,,,,,,,,,,,,,,,,,,,,,,,,,12nH 5%,,,,,,,,,,,,,,,,,,,,,,,,,,,,,,,,,,,,,,,,,,,
L40,INDUCTOR (Chip Coil),Murata,LQW2BHN27NJ03L,,0805,1,,,,,,,,,,,,,,,,,CAPC200125X45,,,,,,,,,,,,,,,,,,,,,,,,,,,,,,,,,,,,,,,,,,,,,,,,,,,,,,,,,,,,,,,,,,,,,,,,,,,,,,,,,,,,,,,,,,27nH±5%,,,,,,,,,,,,,,,,,,,,,,,,,,,,,,,,,,,,,,,,,,,
L9,33uH 0.96A Inductor,Sumida,CDRH74NP-330MC,,Surface Mount,1,,,,,,,,,,,,,,,,,,,,,,,,,,,,,,,,,,,,,,,,,,,,,,,,,,,,,,,,,,,,,,,,,,,,,,,,,,,,,,,,,,,,,,,,,,,,,,,,,,,,,,,,,,,33uH,,,,,,,,,,,,,,,,,,,,,,,,,,,,,,,,,,,,,,,,,,,
R10 R11,Generic Resistor (4.7),Generic,Resistor (4.7),,0402 (1005 metric),1,,,,,,,,,,,,,,,,,,,,,,,,,,,,,,,,,,,,,,,,,,,,,,,,Resistor,,,,,,,,,,,,,,,,,,,,,,,,,,,,,,,,,,,,,,,,,,,,,,4.7,,,,,,,,,,,,,,,,,,true,,,,,,,,,,,,,,,,,,,,,,,,,,,,,,,,,,,,,,
R12 R7 R72,Generic Resistor (10000),Generic,Resistor (10000),,0603 (1608 metric),3,,,"R0603, ±1%, 10K",,,,,,,,,,,,,,,,,,,,,,,,,,,,,,,,,,,,,,,,,,,,,Resistor,,,,,,,,,,,,,,,,,,,,,,,,,,,,,,,,,,,,,,,,,,,,,,10000,,,,,,,,,,,,,,,,,,true,,,,,,,,,,,,,,,,,,,,,,,,,,,,,,,,,,,,,,
R13,Generic Resistor (31600),Generic,Resistor (31600),,0603 (1608 metric),1,,,"R0603, ±1%, 5.11K",,,,,,,,,,,,,,,,,,,,,,,,,,,,,,,,,,,,,,,,,,,,,Resistor,,,,,,,,,,,,,,,,,,,,,,,,,,,,,,,,,,,,,,,,,,,,,,31600,,,,,,,,,,,,,,,,,,true,,,,,,,,,,,,,,,,,,,,,,,,,,,,,,,,,,,,,,
R21 R22 R24 R26 R27 R28 R74,Generic Resistor (100),Generic,Resistor (100),,0402 (1005 metric),7,,,,,,,,,,,,,,,,,,,,,,,,,,,,,,,,,,,,,,,,,,,,,,,,Resistor,,,,,,,,,,,,,,,,,,,,,,,,,,,,,,,,,,,,,,,,,,,,,,100,,,,,,,,,,,,,,,,,,true,,,,,,,,,,,,,,,,,,,,,,,,,,,,,,,,,,,,,,
R23 R25 R33 R40 R55 R56 R63 R67,Generic Resistor (4700),Generic,Resistor (4700),,0402 (1005 metric),8,,,,,,,,,,,,,,,,,,,,,,,,,,,,,,,,,,,,,,,,,,,,,,,,Resistor,,,,,,,,,,,,,,,,,,,,,,,,,,,,,,,,,,,,,,,,,,,,,,4700,,,,,,,,,,,,,,,,,,true,,,,,,,,,,,,,,,,,,,,,,,,,,,,,,,,,,,,,,
R29 R3 R30 R31 R32 R35 R36 R37 R38 R39 R44 R45 R46 R65 R71 R14,Generic Resistor (47),Generic,Resistor (47),,0402 (1005 metric),16,,,,,,,,,,,,,,,,,,,,,,,,,,,,,,,,,,,,,,,,,,,,,,,,Resistor,,,,,,,,,,,,,,,,,,,,,,,,,,,,,,,,,,,,,,,,,,,,,,47,,,,,,,,,,,,,,,,,,true,,,,,,,,,,,,,,,,,,,,,,,,,,,,,,,,,,,,,,
R34 R49 R53 R54 R66 R68,Generic Resistor (100000),Generic,Resistor (100000),,0402 (1005 metric),6,,,,,,,,,,,,,,,,,,,,,,,,,,,,,,,,,,,,,,,,,,,,,,,,Resistor,,,,,,,,,,,,,,,,,,,,,,,,,,,,,,,,,,,,,,,,,,,,,,100000,,,,,,,,,,,,,,,,,,true,,,,,,,,,,,,,,,,,,,,,,,,,,,,,,,,,,,,,,
R41,2 kΩ Resistor,Yageo / Phycomp,RC0603FR-072KL,Digi-Key 311-2.00KHRDKR-ND/Digi-Key 311-2.00KHRCT-ND/Digi-Key 311-2.00KHRTR-ND/Newark 66R2116/Newark 68R0063,0603,1,,,,,,surface mount,,,Passive Components,,,,,,,50 V,,,,,,,,,,,,,,,50 V,1.6 mm,800 um,450 um,,,,,,,,,,,,,,,,,,,,,,,,,,,,,,,,,,,,,,,,,,,,,,,,,,,,,,,,,,,,2 kΩ,,,,,,,,,,,,,,,,,,,Uncategorized,Resistors,Single Components,100 mW,±1%,,,,,,,,,,,,,,,,,,,,,,,,,,,,,,,,,
R42,No description,Yageo,RC0603FR-0710K5L,Digi-Key 311-10.5KHRCT-ND/Digi-Key 311-10.5KHRDKR-ND/Digi-Key 311-10.5KHRTR-ND,,1,,,,,,,,,,,,PartsBot,,,,,,,±1%,,,"5,000",±100ppm/°C,"0.063"" L x 0.031"" W (1.60mm x 0.80mm)",,0603 (1608 Metric),,RC0603FR0710K5L,,,,,,,Cut Tape (CT),,,,,,,,,,,,,,,,,,,,,,,,,,,,,,,,,,,,,,,,,,,,,,,,,,,,,,,,,,,10.5k,,,,,,,,,,,,,,,,,,,,,,,,10.5k,2,0603,"0.1W, 1/10W",- KIT RES 1% 113 VALUES 50 EA 0603,"0.022"" (0.55mm)",Thick Film,,,,,,,,,,,,,,,,,,,,,,,,,,
R47 R48 R57 R58 R59 R60 R61 R62,Generic Resistor (0),Generic,Resistor (0),,0402 (1005 metric),8,,,,,,,,,,,,,,,,,,,,,,,,,,,,,,,,,,,,,,,,,,,,,,,,Resistor,,,,,,,,,,,,,,,,,,,,,,,,,,,,,,,,,,,,,,,,,,,,,,0,,,,,,,,,,,,,,,,,,true,,,,,,,,,,,,,,,,,,,,,,,,,,,,,,,,,,,,,,
R5 R15 R16 R17 R18 R20 R9 R75 R77 R43 R50 R51 R52 R19 R6 R4,Generic Resistor (10000),Generic,Resistor (10000),,0402 (1005 metric),16,,,,,,,,,,,,,,,,,,,,,,,,,,,,,,,,,,,,,,,,,,,,,,,,Resistor,,,,,,,,,,,,,,,,,,,,,,,,,,,,,,,,,,,,,,,,,,,,,,10000,,,,,,,,,,,,,,,,,,true,,,,,,,,,,,,,,,,,,,,,,,,,,,,,,,,,,,,,,
R69 R70 R1 R2 R82 R83,Generic Resistor (270),Generic,Resistor (270),,0402 (1005 metric),6,,,,,,,,,,,,,,,,,,,,,,,,,,,,,,,,,,,,,,,,,,,,,,,,Resistor,,,,,,,,,,,,,,,,,,,,,,,,,,,,,,,,,,,,,,,,,,,,,,270,,,,,,,,,,,,,,,,,,true,,,,,,,,,,,,,,,,,,,,,,,,,,,,,,,,,,,,,,
R73,Generic Resistor (3830),Generic,Resistor (3830),,0603 (1608 metric),1,,,"R0603, ±1%, 5.11K",,,,,,,,,,,,,,,,,,,,,,,,,,,,,,,,,,,,,,,,,,,,,Resistor,,,,,,,,,,,,,,,,,,,,,,,,,,,,,,,,,,,,,,,,,,,,,,3830,,,,,,,,,,,,,,,,,,true,,,,,,,,,,,,,,,,,,,,,,,,,,,,,,,,,,,,,,
R76,Generic Resistor (130000),Generic,Resistor (130000),,0402 (1005 metric),1,,,,,,,,,,,,,,,,,,,,,,,,,,,,,,,,,,,,,,,,,,,,,,,,Resistor,,,,,,,,,,,,,,,,,,,,,,,,,,,,,,,,,,,,,,,,,,,,,,130000,,,,,,,,,,,,,,,,,,true,,,,,,,,,,,,,,,,,,,,,,,,,,,,,,,,,,,,,,
R79,Generic Resistor (4700000),Generic,Resistor (4700000),,0402 (1005 metric),1,,,,,,,,,,,,,,,,,,,,,,,,,,,,,,,,,,,,,,,,,,,,,,,,Resistor,,,,,,,,,,,,,,,,,,,,,,,,,,,,,,,,,,,,,,,,,,,,,,4700000,,,,,,,,,,,,,,,,,,true,,,,,,,,,,,,,,,,,,,,,,,,,,,,,,,,,,,,,,
R8,Generic Resistor (5110),Generic,Resistor (5110),,0603 (1608 metric),1,,,"R0603, ±1%, 5.11K",,,,,,,,,,,,,,,,,,,,,,,,,,,,,,,,,,,,,,,,,,,,,Resistor,,,,,,,,,,,,,,,,,,,,,,,,,,,,,,,,,,,,,,,,,,,,,,5110,,,,,,,,,,,,,,,,,,true,,,,,,,,,,,,,,,,,,,,,,,,,,,,,,,,,,,,,,
R80 R78,Generic Resistor (1000),Generic,Resistor (1000),,0402 (1005 metric),2,,,,,,,,,,,,,,,,,,,,,,,,,,,,,,,,,,,,,,,,,,,,,,,,Resistor,,,,,,,,,,,,,,,,,,,,,,,,,,,,,,,,,,,,,,,,,,,,,,1000,,,,,,,,,,,,,,,,,,true,,,,,,,,,,,,,,,,,,,,,,,,,,,,,,,,,,,,,,
R81,Generic Resistor (1000000),Generic,Resistor (1000000),,0402 (1005 metric),1,,,,,,,,,,,,,,,,,,,,,,,,,,,,,,,,,,,,,,,,,,,,,,,,Resistor,,,,,,,,,,,,,,,,,,,,,,,,,,,,,,,,,,,,,,,,,,,,,,1000000,,,,,,,,,,,,,,,,,,true,,,,,,,,,,,,,,,,,,,,,,,,,,,,,,,,,,,,,,
R84,Resistor SMD0603 - 1%,Yageo,RC0603FR-078K06L,Digi-Key 311-8.06KHRCT-ND/Digi-Key 311-8.06KHRDKR-ND/Digi-Key 311-8.06KHRTR-ND/Newark 18X9917/Newark 66R2576,RESC1608X60N,1,,,,,,,,,Passive Components,,,Eagle,,,,50.0V,,,,,,,,,,,,,,,50.0V,0.0016m,0.0008m,0.00045m,,,,,,,,,,,,,,,,,,,,,,,,,,,surface mount,,,,,,,,,,,,,,,,,,,,,,,,,,,,,,,,,8060.0Ω,,,,,,,,,,,,,,,,,,,Uncategorized,Resistors,Single Components,0.1W,±1%,,,,,,,,,,,,,,,,,,,,,,,,,,,,,,,,,
R85,Resistor SMD0603 - 1%,Yageo,RC0603FR-072K21L,Digi-Key 311-2.21KHRCT-ND/Digi-Key 311-2.21KHRTR-ND/Digi-Key 311-2.21KHRDKR-ND,0603,1,,,,,,,,,,,,PartsBot,,,,,,,±1%,,,"5,000",±100ppm/°C,"0.063"" L x 0.031"" W (1.60mm x 0.80mm)",,0603 (1608 Metric),,311-2.21KHRCT,,,,,,,Cut Tape (CT),,,,,,,,,,,,,,,,,,,,,,,,,,,,,,,,,,,,,,,,,,,,,,,,,,,,,,,,,,,2.21k,,,,,,,,,,,,,,,,,,,,,,,,2.21k,2,0603,"0.1W, 1/10W",- KIT RES 1% 114 VALUES 50 EA 0603,"0.022"" (0.55mm)",Thick Film,,,,,,,,,,,,,,,,,,,,,,,,,,
RA1. RA2. RA3. RA4.,RESISTOR ARRAY 4x0402 CONVEX,Bourns,CAY10-470J4LF,,1206,4,,,,,,,,,,,,,,,,,,,,,,,,,,,,,,,,,,,,,,,,,,,,,,,,,,,,,,,,,,,,,,,,,,,,,,,,,,,,,,,,,,,,,,,,,,,,,,47,,,,,,,,,,,,,,,,,,,,,,,,,,,,,,,,,,,,,,,,,,,,,,,,,,,,,,,,
VD1,"20 V, 2 A very low V_F MEGA Schottky barrier rectifiers",NXP Semiconductors,PMEG2020EJ,,SOD323,1,,,,,,,,,,,,PartsBot,,,,,SOD250125X110-2,,,,,,,,,,,,,,,,,,,,,,,,,,,,,,,,,,,,,,,,,,,,,,,,,,,,,,,,,,,,,,,,,,,,,,,,,,,,,,,,,,,,,,,,,,,,,,,,,,,,,,,,,,,,525@IF=2A mV,20 V,SOD123F;SOD323F...,"0,2@VR=20V mA",60@VR=5V pF,http://www.nxp.com/pip/PMEG2020EJ,9 A,single,2 A,,,,,,,,,,,,,,,,,
VD10 VD11 VD6 VD9,ESD DIODE,ON Semiconductor,SZNUP1301ML3T1G,,SOT23,4,,,,,,,,,,,,,,,,,SOT95P240X111-3,,,,,,,,,,,,,,,,,,,,,,,,,,,,,,,,,,,,,,,,,,,,,,,,,,,,,,,,,,,,,,,,,,,,,,,,,,,,,,,,,,,,,,,,,,,,,,,,,,,,,,,,,,,,,,,,,,,,,,,,,,,,,,,,,,,,,
VD12,No description,STMicroelectronics,LNBTVS3-220U,,SMB,1,,,,,,Surface Mount,,,,,,PartsBot,,,,,SOJ300P535X240-2,,,,,"2,500",,,,"DO-214AA, SMB",,497-4991-6,,,,,,,Cut Tape (CT),,,,,,,,,,,,,,,,,,,,,,,,,,,,,,,,,,,,,,,,,,,,,,,,,,,,,,,,,,,,,,,,,,,,,,,,,,,,,,,,,,,,,SMB,1500W,,,,,,,,,,,,,20V,Unidirectional,22V,,,,,,,,,,,,,,
VD2 VD3 VD4 VD7,ESD DIODE,ON Semiconductor,NUP1301ML3T1G,,SOT−23,4,,,,,,Surface Mount,,,,,,PartsBot,,,,,SOT95P237X145-3,,,,,"3,000",,,,"TO-236-3, SC-59, SOT-23-3",,NUP1301ML3T1GOSTR,,,,,,,Cut Tape (CT),,,,,,,,,No,,,,,,,,,,,,,,,,,,,,,,,,,,,,,,,,,,,,,,,,,,,,,,,,,,,,,,,,,,,,,,,,,,,,,,,,,,,,SOT-23-3 (TO-236),,,,,,,,,,,,,,70V,Bidirectional,70V,,,,,,,,,,,,,,
VD5 VD8,1 A very low VF MEGA Schottky barrier rectifier in ultra small SOT666 and in very small SOD323 (SC-76) package,NXP Semiconductors,PMEG4010BEA,,SOD323,2,,,,,,,,,,,,PartsBot,,,,,SOD250125X110-2,,,,,,,,,,,,,,,,,,,,,,,,,,,,,,,,,,,,,,,,,,,,,,,,,,,,,,,,,,,,,,,,,,,,,,,,,,,,,,,,,,,,,,,,,,,,,,,,,,,,,,,,,,,,500@IF=1A;640@I... mV,20 <> 40 V,SOD323;SOT666,"0,15@VR=30V;0,2... mA",50@VR=1V;80@VR=... pF,http://www.nxp.com/pip/PMEG4010BEA,10 A,single,1 A,,,,,,,,,,,,,,,,,
VT1,MOSFET N-CH 40V 3.6A SOT-23-3,IOR,IRLML0040TRPbF,,Micro3™/SOT-23,1,,,,,,,,,,,,,,,,,,,,,,,,,,,,,,,,,,,,,,,,,,,,,,,,,,,,,,,,,,,,,,,,,,,,,,,,,,,,,,,,,,,,,,,,,,,,,,,,,,,,,,,,,,,,,,,,,,,,,,,,,,,,,,,,,,,,,,,,,,,,,,,,,,,,,,
XP1,PCMCIA Card Connector,Concraft,A01A5B0030Y0P47,,PTH_PCMCIA_63MM0_60MM55,1,,,,,,,,,,,,,,,,5V,,,,,,,,,,,,,,,,,,,,,,,,,,,,No,,,,,,,,,,,,,,,,,,,,,,,,,,,,,,,,,,,,,,,,,,,,,,,,,,,,,,,,,,,,,,,,,,,,,,,,,,,,,,,,,,,,,,,,,,,,,yes,yes,,,,,,,,,,,,
XP2,Standard,Pan Pacific,PLD-10,,,1,,,,,,,,,,,,,,,,,,,,,,,,,,,,,,,,,,,,,,,,,,,,,,,,,,,,,,,,,,,,,,,,,,,,,,,,,,,,,,,,,,,,,,,,,,,,,,,,,,,,,,,,,,,,,,,,,,,,,,,,,,,,,,,,,,,,,,,,,,,,,,,,,,,,,,
XS1,REC TYPE B ASSY (Au) MICRO USB,TE Connectivity / AMP,1981568-1,,CONN_USB_SMT_8MM0_5MM6,1,,"USB - micro B USB 2.0 Receptacle Connector 5 Position Surface Mount, Right Angle",,,,,-40°C,,,,,,,,,,,,,+125°C,,,,,,,,,,,,,,,,,,,,,,,,No,,,,,571-1981568-1,A97800CT-ND,,,,,,,,,,,,,,,,,,,,,,,,,,,,,,,,,,,,,,,,,,,,,,,,,,,,,,,,,,,,,,,,,,,,,,,,,,,,,,,,,,,,,,,yes,yes,,,,,,,,,,,,
XW2 XW1,F SERIES CONNECTOR ELBOW JACK PCB EXTENDED,TE Connectivity AMP Connectors,5-1634552-1,,CONN_JACK_RA_PTH,2,,CONN F JACK R/A 75 OHM PCB,,,,"Panel Mount, Through Hole, Right Angle",-65°C,,,,,,,,,,,,,+85°C,,,,,,,,,,,,,,,,,,,,,,,,No,,,,,571-5-1634552-1,5-1634552-1,,,,,,,,,,,,,,,,,,,,,,,,,,,,,,,,,,,,,,,,,,,,,,,,,,,,,,,,,,,,,,,,,,,,,,,,,,,,,,,,,,,,,,,yes,yes,Bulkhead - Front Side Nut,Solder,"Jack, Female Socket",Solder,1GHz,Threaded,75 Ohm,F Type,,,,
ZQ1,AT-CUT CRYSTAL UNIT,Citizen Finedevice Co Ltd,CS325S24.000MABJT,,SMT_CS325S,1,,,,,,,,false,,,,,,false,,,,false,,,false,,,,,,,,,,,,,,,,,,,,,,,No,,,,,,,,,,,,,,,,,,,,,,,,,,,,,,,,,,,,,,,,,,,,,,,,,,,,,,,,,24MHz,,,,,,,,,,,,,,,,,,,,,,,,,,,,,,,,,,,,,,,,,,,,,,,,,
ZQ2,Standard,Abracon,ABM3B-26.000MHZ-10-1-U-T,Digi-Key 300-8219-6-ND/Digi-Key 300-8219-1-ND/Digi-Key 300-8219-2-ND/Newark 13J2573/Newark 96J0287,,1,,,,,,surface mount,,,Passive Components,,,,,,,,,,,,,,,,,,,,,,,5 mm,3.2 mm,1.1 mm,,,,,,,,,,,,,,,,,,,,,,,,,,,,,,,,,,,,,,,,,,,,,,,,,,,,,,,,,,,,,,,,,,,26 MHz,,,,,,,,,,,,,,,,,,,,,,,,,,,,,,,,,,,,,,,,,,,,,,10 pF,Crystals/Resonators/Oscillators,Crystals,Uncategorized
